{
    "val": {
        "ag_best": 0.7325051946109468,
        "larger_reg3_longer": 0.7538692595842944,
        "ag_both": 0.8366797467077137,
        "lstm3_longer": 0.789367597950583,
        "lr": 0.7608855034393265,
        "pol2": 0.837114037248963,
        "pol3": 0.8073460149206216,
        "ensemble": : 0.837114037248963,
        "pol3": 0.8073460149206216,
        "ensemble": 0.7885006666183472
    },
    "train": {
        "ag_best": 43.24053951421072,
        "larger_reg3_longer": 45.36011820821913,
        "ag_both": 50.506805178137824,
        "lstm3_longer": 45.60514601328301,
        "lr": 47.061555052324444,
        "pol2": 50.64128966111631,
        "pol3": 55.53481426820976,
        "ensemble": 41.529781341552734
    },
    "test": 0.29765307903289795
}