{"mean": 0.25341524037853924, "std": 2.648301204233839}