{"mean": 2.102137768793525e-07, "std": 5.731942301009729e-06}