{"Precipitacao": {"mean": 2.2470241761805942, "std": 7.34207702817324}, "Pressao_at_max": {"mean": 963.9126367509899, "std": 37.154623720087464}, "Pressao_at_min": {"mean": 963.3288584045516, "std": 37.13358920477666}, "Radiacao": {"mean": 1371.827306802897, "std": 500.51075078674165}, "Temp_max": {"mean": 28.80329559057152, "std": 5.009127188515318}, "Temp_min": {"mean": 18.569594259939006, "std": 4.549033536349369}, "Umidade": {"mean": 65.25837712901834, "std": 15.251637199687826}, "Max_vent": {"mean": 8.76995100531218, "std": 2.985462942348243}, "Velocidade_vent": {"mean": 2.3585900581181862, "std": 1.2914605059392619}, "Pop_estimada": {"mean": 78438.17684328408, "std": 247834.54495767583}}