{"Precipitacao": {"mean": 15.353754434610325, "std": 24.37172164402514}, "Pressao_at_max": {"mean": 964.141162019656, "std": 37.09508882244909}, "Pressao_at_min": {"mean": 963.555063837848, "std": 37.07131889209941}, "Radiacao": {"mean": 1370.6360812354046, "std": 382.30670161707826}, "Temp_max": {"mean": 28.780992438115153, "std": 4.5056915667299835}, "Temp_min": {"mean": 18.5993253177974, "std": 4.230494789782859}, "Umidade": {"mean": 65.2913895426374, "std": 13.082739152727674}, "Max_vent": {"mean": 8.753424627536502, "std": 2.078588552756212}, "Velocidade_vent": {"mean": 2.359389439051193, "std": 1.1019559829295655}, "Pop_estimada": {"mean": 77931.8362522931, "std": 246233.669172201}}